Walter Schulze	<awalterschulze@gmail.com>	Walter Schulze <walter@vastech.co.za>
Walter Schulze	<awalterschulze@gmail.com>	<walter@vastech.co.za>
Walter Schulze	<awalterschulze@gmail.com>  awalterschulze <awalterschulze@gmail.com>
Walter Schulze	<awalterschulze@gmail.com>	awalterschulze@gmail.com <awalterschulze@gmail.com>
John Tuley		<john@tuley.org>			<jtuley@pivotal.io>
Anton Povarov 	<anton.povarov@gmail.com>	<antoxa@corp.badoo.com>
Denis Smirnov 	<denis.smirnov.91@gmail.com> dennwc
DongYun Kang    <ceram1000@gmail.com>		<ceram1000@gmail.com>